arm,first,second,first_only,second_only,family_wins,family_losses,diff_points,ci_low,ci_high,p_tasks,p_families,lm_tasks,lm_first_only,lm_second_only,lm_p,holm_p
ablation,candidate-persona,prompted,37,15,19,5,9.09,3.72,14.35,0.00159263,0.00330538,142,22,11,0.04007166,
ablation,candidate,prompted,22,30,8,14,-3.31,-9.49,3.23,0.89419572,0.93309975,106,9,12,0.80834484,1.00000000
ablation,candidate-persona,base,45,13,20,4,13.22,7.06,19.51,0.00001506,0.00077194,104,21,7,0.00627048,0.00308776
ablation,candidate,base,15,13,8,8,0.83,-3.44,5.11,0.42527701,0.59819031,118,4,11,0.98242188,1.00000000
ablation,candidate-persona,candidate,43,13,21,3,12.40,6.77,18.03,0.00003667,0.00013858,116,23,9,0.01003080,0.00069290
ablation,prompted,base,28,18,15,12,4.13,-3.08,11.63,0.09196241,0.35055402,115,9,9,0.59273529,1.00000000
e1,candidate-persona,prompted,32,15,18,7,7.02,1.22,12.59,0.00931192,0.02164263,128,19,10,0.06802297,
e1,candidate,prompted,25,30,12,14,-2.07,-9.52,5.60,0.79062291,0.72140145,107,8,12,0.86841202,1.00000000
e1,candidate-persona,base,36,9,21,5,11.16,5.31,16.74,0.00003287,0.00124696,116,16,5,0.01330185,0.00623479
e1,candidate,base,16,11,9,7,2.07,-2.33,6.78,0.22103417,0.40180969,128,3,7,0.94531250,1.00000000
e1,candidate-persona,candidate,36,14,18,5,9.09,2.34,15.23,0.00130109,0.00531101,108,15,4,0.00960541,0.02124405
e1,prompted,base,28,18,15,12,4.13,-3.08,11.63,0.09196241,0.35055402,115,9,9,0.59273529,1.00000000
