families,tasks_per_family,effect,discordance,icc,replicates,resamples,seed,tasks,design_effect,power,false_positive_rate,note
50,8,0.05,0.30,0.10,4000,500,0,400,1.70,0.26500,0.02700,planned final test
50,8,0.10,0.30,0.10,4000,500,0,400,1.70,0.75125,0.02700,planned final test
50,8,0.15,0.30,0.10,4000,500,0,400,1.70,0.97375,0.02700,planned final test
39,6,0.10,0.30,0.10,4000,500,0,234,1.50,0.55400,0.03025,realised final test (39 families)
39,6,0.15,0.30,0.10,4000,500,0,234,1.50,0.87450,0.03025,realised final test (39 families)
25,6,0.10,0.30,0.10,4000,500,0,150,1.50,0.40875,0.03350,25-family pilot
25,8,0.10,0.30,0.10,4000,500,0,200,1.70,0.47000,0.02875,25 families of eight
200,8,0.05,0.30,0.10,4000,500,0,1600,1.70,0.74725,0.02300,200 families of eight
7,5,0.10,0.30,0.10,4000,500,0,35,1.40,0.21625,0.05800,size of the pilot-scale exams
